id;kode_provinsi;nama_provinsi;kode_kabupaten_kota;nama_kabupaten_kota;status_kawin;jumlah_penduduk;satuan;tahun
1;32;JAWA BARAT;3201;KABUPATEN BOGOR;BELUM KAWIN;1367134;JIWA;2013
2;32;JAWA BARAT;3201;KABUPATEN BOGOR;KAWIN;2230128;JIWA;2013
3;32;JAWA BARAT;3201;KABUPATEN BOGOR;CERAI HIDUP;61155;JIWA;2013
4;32;JAWA BARAT;3201;KABUPATEN BOGOR;CERAI MATI;99447;JIWA;2013
5;32;JAWA BARAT;3202;KABUPATEN SUKABUMI;BELUM KAWIN;945917;JIWA;2013
6;32;JAWA BARAT;3202;KABUPATEN SUKABUMI;KAWIN;1349200;JIWA;2013
7;32;JAWA BARAT;3202;KABUPATEN SUKABUMI;CERAI HIDUP;55780;JIWA;2013
8;32;JAWA BARAT;3202;KABUPATEN SUKABUMI;CERAI MATI;79143;JIWA;2013
9;32;JAWA BARAT;3203;KABUPATEN CIANJUR;BELUM KAWIN;862205;JIWA;2013
10;32;JAWA BARAT;3203;KABUPATEN CIANJUR;KAWIN;1230211;JIWA;2013
11;32;JAWA BARAT;3203;KABUPATEN CIANJUR;CERAI HIDUP;51948;JIWA;2013
12;32;JAWA BARAT;3203;KABUPATEN CIANJUR;CERAI MATI;65796;JIWA;2013
13;32;JAWA BARAT;3204;KABUPATEN BANDUNG;BELUM KAWIN;1593596;JIWA;2013
14;32;JAWA BARAT;3204;KABUPATEN BANDUNG;KAWIN;1754113;JIWA;2013
15;32;JAWA BARAT;3204;KABUPATEN BANDUNG;CERAI HIDUP;58085;JIWA;2013
16;32;JAWA BARAT;3204;KABUPATEN BANDUNG;CERAI MATI;70626;JIWA;2013
17;32;JAWA BARAT;3205;KABUPATEN GARUT;BELUM KAWIN;913724;JIWA;2013
18;32;JAWA BARAT;3205;KABUPATEN GARUT;KAWIN;1173130;JIWA;2013
19;32;JAWA BARAT;3205;KABUPATEN GARUT;CERAI HIDUP;28264;JIWA;2013
20;32;JAWA BARAT;3205;KABUPATEN GARUT;CERAI MATI;62229;JIWA;2013
21;32;JAWA BARAT;3206;KABUPATEN TASIKMALAYA;BELUM KAWIN;602567;JIWA;2013
22;32;JAWA BARAT;3206;KABUPATEN TASIKMALAYA;KAWIN;945613;JIWA;2013
23;32;JAWA BARAT;3206;KABUPATEN TASIKMALAYA;CERAI HIDUP;40739;JIWA;2013
24;32;JAWA BARAT;3206;KABUPATEN TASIKMALAYA;CERAI MATI;48594;JIWA;2013
25;32;JAWA BARAT;3207;KABUPATEN CIAMIS;BELUM KAWIN;601675;JIWA;2013
26;32;JAWA BARAT;3207;KABUPATEN CIAMIS;KAWIN;897199;JIWA;2013
27;32;JAWA BARAT;3207;KABUPATEN CIAMIS;CERAI HIDUP;23951;JIWA;2013
28;32;JAWA BARAT;3207;KABUPATEN CIAMIS;CERAI MATI;73735;JIWA;2013
29;32;JAWA BARAT;3208;KABUPATEN KUNINGAN;BELUM KAWIN;446892;JIWA;2013
30;32;JAWA BARAT;3208;KABUPATEN KUNINGAN;KAWIN;599772;JIWA;2013
31;32;JAWA BARAT;3208;KABUPATEN KUNINGAN;CERAI HIDUP;14899;JIWA;2013
32;32;JAWA BARAT;3208;KABUPATEN KUNINGAN;CERAI MATI;49061;JIWA;2013
33;32;JAWA BARAT;3209;KABUPATEN CIREBON;BELUM KAWIN;889034;JIWA;2013
34;32;JAWA BARAT;3209;KABUPATEN CIREBON;KAWIN;1060825;JIWA;2013
35;32;JAWA BARAT;3209;KABUPATEN CIREBON;CERAI HIDUP;25503;JIWA;2013
36;32;JAWA BARAT;3209;KABUPATEN CIREBON;CERAI MATI;74873;JIWA;2013
37;32;JAWA BARAT;3210;KABUPATEN MAJALENGKA;BELUM KAWIN;467531;JIWA;2013
38;32;JAWA BARAT;3210;KABUPATEN MAJALENGKA;KAWIN;696621;JIWA;2013
39;32;JAWA BARAT;3210;KABUPATEN MAJALENGKA;CERAI HIDUP;24815;JIWA;2013
40;32;JAWA BARAT;3210;KABUPATEN MAJALENGKA;CERAI MATI;47420;JIWA;2013
41;32;JAWA BARAT;3211;KABUPATEN SUMEDANG;BELUM KAWIN;406206;JIWA;2013
42;32;JAWA BARAT;3211;KABUPATEN SUMEDANG;KAWIN;633557;JIWA;2013
43;32;JAWA BARAT;3211;KABUPATEN SUMEDANG;CERAI HIDUP;18480;JIWA;2013
44;32;JAWA BARAT;3211;KABUPATEN SUMEDANG;CERAI MATI;40182;JIWA;2013
45;32;JAWA BARAT;3212;KABUPATEN INDRAMAYU;BELUM KAWIN;712761;JIWA;2013
46;32;JAWA BARAT;3212;KABUPATEN INDRAMAYU;KAWIN;994716;JIWA;2013
47;32;JAWA BARAT;3212;KABUPATEN INDRAMAYU;CERAI HIDUP;20282;JIWA;2013
48;32;JAWA BARAT;3212;KABUPATEN INDRAMAYU;CERAI MATI;96084;JIWA;2013
49;32;JAWA BARAT;3213;KABUPATEN SUBANG;BELUM KAWIN;503495;JIWA;2013
50;32;JAWA BARAT;3213;KABUPATEN SUBANG;KAWIN;938100;JIWA;2013
51;32;JAWA BARAT;3213;KABUPATEN SUBANG;CERAI HIDUP;35163;JIWA;2013
52;32;JAWA BARAT;3213;KABUPATEN SUBANG;CERAI MATI;58758;JIWA;2013
53;32;JAWA BARAT;3214;KABUPATEN PURWAKARTA;BELUM KAWIN;344231;JIWA;2013
54;32;JAWA BARAT;3214;KABUPATEN PURWAKARTA;KAWIN;450271;JIWA;2013
55;32;JAWA BARAT;3214;KABUPATEN PURWAKARTA;CERAI HIDUP;13352;JIWA;2013
56;32;JAWA BARAT;3214;KABUPATEN PURWAKARTA;CERAI MATI;36648;JIWA;2013
57;32;JAWA BARAT;3215;KABUPATEN KARAWANG;BELUM KAWIN;649978;JIWA;2013
58;32;JAWA BARAT;3215;KABUPATEN KARAWANG;KAWIN;1141471;JIWA;2013
59;32;JAWA BARAT;3215;KABUPATEN KARAWANG;CERAI HIDUP;30262;JIWA;2013
60;32;JAWA BARAT;3215;KABUPATEN KARAWANG;CERAI MATI;67957;JIWA;2013
61;32;JAWA BARAT;3216;KABUPATEN BEKASI;BELUM KAWIN;1075700;JIWA;2013
62;32;JAWA BARAT;3216;KABUPATEN BEKASI;KAWIN;1329631;JIWA;2013
63;32;JAWA BARAT;3216;KABUPATEN BEKASI;CERAI HIDUP;22374;JIWA;2013
64;32;JAWA BARAT;3216;KABUPATEN BEKASI;CERAI MATI;53661;JIWA;2013
65;32;JAWA BARAT;3217;KABUPATEN BANDUNG BARAT;BELUM KAWIN;624203;JIWA;2013
66;32;JAWA BARAT;3217;KABUPATEN BANDUNG BARAT;KAWIN;855717;JIWA;2013
67;32;JAWA BARAT;3217;KABUPATEN BANDUNG BARAT;CERAI HIDUP;35409;JIWA;2013
68;32;JAWA BARAT;3217;KABUPATEN BANDUNG BARAT;CERAI MATI;29015;JIWA;2013
69;32;JAWA BARAT;3218;KABUPATEN PANGANDARAN;BELUM KAWIN;422116;JIWA;2013
70;32;JAWA BARAT;3218;KABUPATEN PANGANDARAN;KAWIN;511998;JIWA;2013
71;32;JAWA BARAT;3218;KABUPATEN PANGANDARAN;CERAI HIDUP;20656;JIWA;2013
72;32;JAWA BARAT;3218;KABUPATEN PANGANDARAN;CERAI MATI;23276;JIWA;2013
73;32;JAWA BARAT;3271;KOTA BOGOR;BELUM KAWIN;144541;JIWA;2013
74;32;JAWA BARAT;3271;KOTA BOGOR;KAWIN;153972;JIWA;2013
75;32;JAWA BARAT;3271;KOTA BOGOR;CERAI HIDUP;7077;JIWA;2013
76;32;JAWA BARAT;3271;KOTA BOGOR;CERAI MATI;13982;JIWA;2013
77;32;JAWA BARAT;3272;KOTA SUKABUMI;BELUM KAWIN;1093398;JIWA;2013
78;32;JAWA BARAT;3272;KOTA SUKABUMI;KAWIN;1133212;JIWA;2013
79;32;JAWA BARAT;3272;KOTA SUKABUMI;CERAI HIDUP;25191;JIWA;2013
80;32;JAWA BARAT;3272;KOTA SUKABUMI;CERAI MATI;80652;JIWA;2013
81;32;JAWA BARAT;3273;KOTA BANDUNG;BELUM KAWIN;146061;JIWA;2013
82;32;JAWA BARAT;3273;KOTA BANDUNG;KAWIN;149458;JIWA;2013
83;32;JAWA BARAT;3273;KOTA BANDUNG;CERAI HIDUP;5092;JIWA;2013
84;32;JAWA BARAT;3273;KOTA BANDUNG;CERAI MATI;15264;JIWA;2013
85;32;JAWA BARAT;3274;KOTA CIREBON;BELUM KAWIN;1180326;JIWA;2013
86;32;JAWA BARAT;3274;KOTA CIREBON;KAWIN;1135394;JIWA;2013
87;32;JAWA BARAT;3274;KOTA CIREBON;CERAI HIDUP;11844;JIWA;2013
88;32;JAWA BARAT;3274;KOTA CIREBON;CERAI MATI;43131;JIWA;2013
89;32;JAWA BARAT;3275;KOTA BEKASI;BELUM KAWIN;790179;JIWA;2013
90;32;JAWA BARAT;3275;KOTA BEKASI;KAWIN;778818;JIWA;2013
91;32;JAWA BARAT;3275;KOTA BEKASI;CERAI HIDUP;9799;JIWA;2013
92;32;JAWA BARAT;3275;KOTA BEKASI;CERAI MATI;51251;JIWA;2013
93;32;JAWA BARAT;3276;KOTA DEPOK;BELUM KAWIN;228942;JIWA;2013
94;32;JAWA BARAT;3276;KOTA DEPOK;KAWIN;257646;JIWA;2013
95;32;JAWA BARAT;3276;KOTA DEPOK;CERAI HIDUP;8151;JIWA;2013
96;32;JAWA BARAT;3276;KOTA DEPOK;CERAI MATI;17181;JIWA;2013
97;32;JAWA BARAT;3277;KOTA CIMAHI;BELUM KAWIN;305346;JIWA;2013
98;32;JAWA BARAT;3277;KOTA CIMAHI;KAWIN;333875;JIWA;2013
99;32;JAWA BARAT;3277;KOTA CIMAHI;CERAI HIDUP;11495;JIWA;2013
100;32;JAWA BARAT;3277;KOTA CIMAHI;CERAI MATI;26163;JIWA;2013
101;32;JAWA BARAT;3278;KOTA TASIKMALAYA;BELUM KAWIN;75295;JIWA;2013
102;32;JAWA BARAT;3278;KOTA TASIKMALAYA;KAWIN;97947;JIWA;2013
103;32;JAWA BARAT;3278;KOTA TASIKMALAYA;CERAI HIDUP;4186;JIWA;2013
104;32;JAWA BARAT;3278;KOTA TASIKMALAYA;CERAI MATI;9755;JIWA;2013
105;32;JAWA BARAT;3201;KABUPATEN BOGOR;BELUM KAWIN;1879836;JIWA;2014
106;32;JAWA BARAT;3201;KABUPATEN BOGOR;KAWIN;1819944;JIWA;2014
107;32;JAWA BARAT;3201;KABUPATEN BOGOR;CERAI HIDUP;43765;JIWA;2014
108;32;JAWA BARAT;3201;KABUPATEN BOGOR;CERAI MATI;84164;JIWA;2014
109;32;JAWA BARAT;3202;KABUPATEN SUKABUMI;BELUM KAWIN;1121715;JIWA;2014
110;32;JAWA BARAT;3202;KABUPATEN SUKABUMI;KAWIN;1194295;JIWA;2014
111;32;JAWA BARAT;3202;KABUPATEN SUKABUMI;CERAI HIDUP;50013;JIWA;2014
112;32;JAWA BARAT;3202;KABUPATEN SUKABUMI;CERAI MATI;72366;JIWA;2014
113;32;JAWA BARAT;3203;KABUPATEN CIANJUR;BELUM KAWIN;987213;JIWA;2014
114;32;JAWA BARAT;3203;KABUPATEN CIANJUR;KAWIN;1119749;JIWA;2014
115;32;JAWA BARAT;3203;KABUPATEN CIANJUR;CERAI HIDUP;46250;JIWA;2014
116;32;JAWA BARAT;3203;KABUPATEN CIANJUR;CERAI MATI;62622;JIWA;2014
117;32;JAWA BARAT;3204;KABUPATEN BANDUNG;BELUM KAWIN;1652392;JIWA;2014
118;32;JAWA BARAT;3204;KABUPATEN BANDUNG;KAWIN;1709450;JIWA;2014
119;32;JAWA BARAT;3204;KABUPATEN BANDUNG;CERAI HIDUP;54765;JIWA;2014
120;32;JAWA BARAT;3204;KABUPATEN BANDUNG;CERAI MATI;75749;JIWA;2014
121;32;JAWA BARAT;3205;KABUPATEN GARUT;BELUM KAWIN;1059753;JIWA;2014
122;32;JAWA BARAT;3205;KABUPATEN GARUT;KAWIN;1042094;JIWA;2014
123;32;JAWA BARAT;3205;KABUPATEN GARUT;CERAI HIDUP;25562;JIWA;2014
124;32;JAWA BARAT;3205;KABUPATEN GARUT;CERAI MATI;57983;JIWA;2014
125;32;JAWA BARAT;3206;KABUPATEN TASIKMALAYA;BELUM KAWIN;716187;JIWA;2014
126;32;JAWA BARAT;3206;KABUPATEN TASIKMALAYA;KAWIN;844879;JIWA;2014
127;32;JAWA BARAT;3206;KABUPATEN TASIKMALAYA;CERAI HIDUP;35086;JIWA;2014
128;32;JAWA BARAT;3206;KABUPATEN TASIKMALAYA;CERAI MATI;45635;JIWA;2014
129;32;JAWA BARAT;3207;KABUPATEN CIAMIS;BELUM KAWIN;497888;JIWA;2014
130;32;JAWA BARAT;3207;KABUPATEN CIAMIS;KAWIN;632551;JIWA;2014
131;32;JAWA BARAT;3207;KABUPATEN CIAMIS;CERAI HIDUP;16712;JIWA;2014
132;32;JAWA BARAT;3207;KABUPATEN CIAMIS;CERAI MATI;56049;JIWA;2014
133;32;JAWA BARAT;3208;KABUPATEN KUNINGAN;BELUM KAWIN;493573;JIWA;2014
134;32;JAWA BARAT;3208;KABUPATEN KUNINGAN;KAWIN;560610;JIWA;2014
135;32;JAWA BARAT;3208;KABUPATEN KUNINGAN;CERAI HIDUP;13295;JIWA;2014
136;32;JAWA BARAT;3208;KABUPATEN KUNINGAN;CERAI MATI;45494;JIWA;2014
137;32;JAWA BARAT;3209;KABUPATEN CIREBON;BELUM KAWIN;936006;JIWA;2014
138;32;JAWA BARAT;3209;KABUPATEN CIREBON;KAWIN;1021591;JIWA;2014
139;32;JAWA BARAT;3209;KABUPATEN CIREBON;CERAI HIDUP;24745;JIWA;2014
140;32;JAWA BARAT;3209;KABUPATEN CIREBON;CERAI MATI;73438;JIWA;2014
141;32;JAWA BARAT;3210;KABUPATEN MAJALENGKA;BELUM KAWIN;520542;JIWA;2014
142;32;JAWA BARAT;3210;KABUPATEN MAJALENGKA;KAWIN;652140;JIWA;2014
143;32;JAWA BARAT;3210;KABUPATEN MAJALENGKA;CERAI HIDUP;22064;JIWA;2014
144;32;JAWA BARAT;3210;KABUPATEN MAJALENGKA;CERAI MATI;44879;JIWA;2014
145;32;JAWA BARAT;3211;KABUPATEN SUMEDANG;BELUM KAWIN;441726;JIWA;2014
146;32;JAWA BARAT;3211;KABUPATEN SUMEDANG;KAWIN;603796;JIWA;2014
147;32;JAWA BARAT;3211;KABUPATEN SUMEDANG;CERAI HIDUP;17042;JIWA;2014
148;32;JAWA BARAT;3211;KABUPATEN SUMEDANG;CERAI MATI;38782;JIWA;2014
149;32;JAWA BARAT;3212;KABUPATEN INDRAMAYU;BELUM KAWIN;700414;JIWA;2014
150;32;JAWA BARAT;3212;KABUPATEN INDRAMAYU;KAWIN;1001646;JIWA;2014
151;32;JAWA BARAT;3212;KABUPATEN INDRAMAYU;CERAI HIDUP;22099;JIWA;2014
152;32;JAWA BARAT;3212;KABUPATEN INDRAMAYU;CERAI MATI;99598;JIWA;2014
153;32;JAWA BARAT;3213;KABUPATEN SUBANG;BELUM KAWIN;622193;JIWA;2014
154;32;JAWA BARAT;3213;KABUPATEN SUBANG;KAWIN;834657;JIWA;2014
155;32;JAWA BARAT;3213;KABUPATEN SUBANG;CERAI HIDUP;29282;JIWA;2014
156;32;JAWA BARAT;3213;KABUPATEN SUBANG;CERAI MATI;52988;JIWA;2014
157;32;JAWA BARAT;3214;KABUPATEN PURWAKARTA;BELUM KAWIN;381760;JIWA;2014
158;32;JAWA BARAT;3214;KABUPATEN PURWAKARTA;KAWIN;424894;JIWA;2014
159;32;JAWA BARAT;3214;KABUPATEN PURWAKARTA;CERAI HIDUP;12806;JIWA;2014
160;32;JAWA BARAT;3214;KABUPATEN PURWAKARTA;CERAI MATI;34677;JIWA;2014
161;32;JAWA BARAT;3215;KABUPATEN KARAWANG;BELUM KAWIN;799426;JIWA;2014
162;32;JAWA BARAT;3215;KABUPATEN KARAWANG;KAWIN;1017099;JIWA;2014
163;32;JAWA BARAT;3215;KABUPATEN KARAWANG;CERAI HIDUP;24913;JIWA;2014
164;32;JAWA BARAT;3215;KABUPATEN KARAWANG;CERAI MATI;61677;JIWA;2014
165;32;JAWA BARAT;3216;KABUPATEN BEKASI;BELUM KAWIN;1184784;JIWA;2014
166;32;JAWA BARAT;3216;KABUPATEN BEKASI;KAWIN;1226173;JIWA;2014
167;32;JAWA BARAT;3216;KABUPATEN BEKASI;CERAI HIDUP;19860;JIWA;2014
168;32;JAWA BARAT;3216;KABUPATEN BEKASI;CERAI MATI;53661;JIWA;2014
169;32;JAWA BARAT;3217;KABUPATEN BANDUNG BARAT;BELUM KAWIN;706743;JIWA;2014
170;32;JAWA BARAT;3217;KABUPATEN BANDUNG BARAT;KAWIN;782424;JIWA;2014
171;32;JAWA BARAT;3217;KABUPATEN BANDUNG BARAT;CERAI HIDUP;32214;JIWA;2014
172;32;JAWA BARAT;3217;KABUPATEN BANDUNG BARAT;CERAI MATI;29237;JIWA;2014
173;32;JAWA BARAT;3218;KABUPATEN PANGANDARAN;BELUM KAWIN;154446;JIWA;2014
174;32;JAWA BARAT;3218;KABUPATEN PANGANDARAN;KAWIN;221177;JIWA;2014
175;32;JAWA BARAT;3218;KABUPATEN PANGANDARAN;CERAI HIDUP;6055;JIWA;2014
176;32;JAWA BARAT;3218;KABUPATEN PANGANDARAN;CERAI MATI;16925;JIWA;2014
177;32;JAWA BARAT;3271;KOTA BOGOR;BELUM KAWIN;464123;JIWA;2014
178;32;JAWA BARAT;3271;KOTA BOGOR;KAWIN;474031;JIWA;2014
179;32;JAWA BARAT;3271;KOTA BOGOR;CERAI HIDUP;20990;JIWA;2014
180;32;JAWA BARAT;3271;KOTA BOGOR;CERAI MATI;24012;JIWA;2014
181;32;JAWA BARAT;3272;KOTA SUKABUMI;BELUM KAWIN;152835;JIWA;2014
182;32;JAWA BARAT;3272;KOTA SUKABUMI;KAWIN;148253;JIWA;2014
183;32;JAWA BARAT;3272;KOTA SUKABUMI;CERAI HIDUP;6616;JIWA;2014
184;32;JAWA BARAT;3272;KOTA SUKABUMI;CERAI MATI;13450;JIWA;2014
185;32;JAWA BARAT;3273;KOTA BANDUNG;BELUM KAWIN;1108435;JIWA;2014
186;32;JAWA BARAT;3273;KOTA BANDUNG;KAWIN;1119882;JIWA;2014
187;32;JAWA BARAT;3273;KOTA BANDUNG;CERAI HIDUP;26712;JIWA;2014
188;32;JAWA BARAT;3273;KOTA BANDUNG;CERAI MATI;86068;JIWA;2014
189;32;JAWA BARAT;3274;KOTA CIREBON;BELUM KAWIN;152659;JIWA;2014
190;32;JAWA BARAT;3274;KOTA CIREBON;KAWIN;144909;JIWA;2014
191;32;JAWA BARAT;3274;KOTA CIREBON;CERAI HIDUP;5156;JIWA;2014
192;32;JAWA BARAT;3274;KOTA CIREBON;CERAI MATI;15545;JIWA;2014
193;32;JAWA BARAT;3275;KOTA BEKASI;BELUM KAWIN;1200963;JIWA;2014
194;32;JAWA BARAT;3275;KOTA BEKASI;KAWIN;1123486;JIWA;2014
195;32;JAWA BARAT;3275;KOTA BEKASI;CERAI HIDUP;11708;JIWA;2014
196;32;JAWA BARAT;3275;KOTA BEKASI;CERAI MATI;46532;JIWA;2014
197;32;JAWA BARAT;3276;KOTA DEPOK;BELUM KAWIN;796987;JIWA;2014
198;32;JAWA BARAT;3276;KOTA DEPOK;KAWIN;775423;JIWA;2014
199;32;JAWA BARAT;3276;KOTA DEPOK;CERAI HIDUP;9608;JIWA;2014
200;32;JAWA BARAT;3276;KOTA DEPOK;CERAI MATI;51077;JIWA;2014
201;32;JAWA BARAT;3277;KOTA CIMAHI;BELUM KAWIN;241075;JIWA;2014
202;32;JAWA BARAT;3277;KOTA CIMAHI;KAWIN;247917;JIWA;2014
203;32;JAWA BARAT;3277;KOTA CIMAHI;CERAI HIDUP;7616;JIWA;2014
204;32;JAWA BARAT;3277;KOTA CIMAHI;CERAI MATI;16832;JIWA;2014
205;32;JAWA BARAT;3278;KOTA TASIKMALAYA;BELUM KAWIN;321099;JIWA;2014
206;32;JAWA BARAT;3278;KOTA TASIKMALAYA;KAWIN;320178;JIWA;2014
207;32;JAWA BARAT;3278;KOTA TASIKMALAYA;CERAI HIDUP;11231;JIWA;2014
208;32;JAWA BARAT;3278;KOTA TASIKMALAYA;CERAI MATI;25906;JIWA;2014
209;32;JAWA BARAT;3279;KOTA BANJAR;BELUM KAWIN;80326;JIWA;2014
210;32;JAWA BARAT;3279;KOTA BANJAR;KAWIN;96186;JIWA;2014
211;32;JAWA BARAT;3279;KOTA BANJAR;CERAI HIDUP;4199;JIWA;2014
212;32;JAWA BARAT;3279;KOTA BANJAR;CERAI MATI;10134;JIWA;2014
213;32;JAWA BARAT;3201;KABUPATEN BOGOR;BELUM KAWIN;2014464;JIWA;2015
214;32;JAWA BARAT;3201;KABUPATEN BOGOR;KAWIN;1995301;JIWA;2015
215;32;JAWA BARAT;3201;KABUPATEN BOGOR;CERAI HIDUP;45749;JIWA;2015
216;32;JAWA BARAT;3201;KABUPATEN BOGOR;CERAI MATI;97553;JIWA;2015
217;32;JAWA BARAT;3202;KABUPATEN SUKABUMI;BELUM KAWIN;1221051;JIWA;2015
218;32;JAWA BARAT;3202;KABUPATEN SUKABUMI;KAWIN;1165212;JIWA;2015
219;32;JAWA BARAT;3202;KABUPATEN SUKABUMI;CERAI HIDUP;46967;JIWA;2015
220;32;JAWA BARAT;3202;KABUPATEN SUKABUMI;CERAI MATI;70445;JIWA;2015
221;32;JAWA BARAT;3203;KABUPATEN CIANJUR;BELUM KAWIN;976493;JIWA;2015
222;32;JAWA BARAT;3203;KABUPATEN CIANJUR;KAWIN;1135105;JIWA;2015
223;32;JAWA BARAT;3203;KABUPATEN CIANJUR;CERAI HIDUP;46323;JIWA;2015
224;32;JAWA BARAT;3203;KABUPATEN CIANJUR;CERAI MATI;59823;JIWA;2015
225;32;JAWA BARAT;3204;KABUPATEN BANDUNG;BELUM KAWIN;1731207;JIWA;2015
226;32;JAWA BARAT;3204;KABUPATEN BANDUNG;KAWIN;1636878;JIWA;2015
227;32;JAWA BARAT;3204;KABUPATEN BANDUNG;CERAI HIDUP;47701;JIWA;2015
228;32;JAWA BARAT;3204;KABUPATEN BANDUNG;CERAI MATI;78683;JIWA;2015
229;32;JAWA BARAT;3205;KABUPATEN GARUT;BELUM KAWIN;1148848;JIWA;2015
230;32;JAWA BARAT;3205;KABUPATEN GARUT;KAWIN;958665;JIWA;2015
231;32;JAWA BARAT;3205;KABUPATEN GARUT;CERAI HIDUP;24948;JIWA;2015
232;32;JAWA BARAT;3205;KABUPATEN GARUT;CERAI MATI;54439;JIWA;2015
233;32;JAWA BARAT;3206;KABUPATEN TASIKMALAYA;BELUM KAWIN;734086;JIWA;2015
234;32;JAWA BARAT;3206;KABUPATEN TASIKMALAYA;KAWIN;851634;JIWA;2015
235;32;JAWA BARAT;3206;KABUPATEN TASIKMALAYA;CERAI HIDUP;34526;JIWA;2015
236;32;JAWA BARAT;3206;KABUPATEN TASIKMALAYA;CERAI MATI;54216;JIWA;2015
237;32;JAWA BARAT;3207;KABUPATEN CIAMIS;BELUM KAWIN;491197;JIWA;2015
238;32;JAWA BARAT;3207;KABUPATEN CIAMIS;KAWIN;644754;JIWA;2015
239;32;JAWA BARAT;3207;KABUPATEN CIAMIS;CERAI HIDUP;17234;JIWA;2015
240;32;JAWA BARAT;3207;KABUPATEN CIAMIS;CERAI MATI;57548;JIWA;2015
241;32;JAWA BARAT;3208;KABUPATEN KUNINGAN;BELUM KAWIN;483184;JIWA;2015
242;32;JAWA BARAT;3208;KABUPATEN KUNINGAN;KAWIN;569821;JIWA;2015
243;32;JAWA BARAT;3208;KABUPATEN KUNINGAN;CERAI HIDUP;13667;JIWA;2015
244;32;JAWA BARAT;3208;KABUPATEN KUNINGAN;CERAI MATI;47805;JIWA;2015
245;32;JAWA BARAT;3209;KABUPATEN CIREBON;BELUM KAWIN;930062;JIWA;2015
246;32;JAWA BARAT;3209;KABUPATEN CIREBON;KAWIN;1023581;JIWA;2015
247;32;JAWA BARAT;3209;KABUPATEN CIREBON;CERAI HIDUP;26541;JIWA;2015
248;32;JAWA BARAT;3209;KABUPATEN CIREBON;CERAI MATI;77159;JIWA;2015
249;32;JAWA BARAT;3210;KABUPATEN MAJALENGKA;BELUM KAWIN;514913;JIWA;2015
250;32;JAWA BARAT;3210;KABUPATEN MAJALENGKA;KAWIN;665960;JIWA;2015
251;32;JAWA BARAT;3210;KABUPATEN MAJALENGKA;CERAI HIDUP;22711;JIWA;2015
252;32;JAWA BARAT;3210;KABUPATEN MAJALENGKA;CERAI MATI;46596;JIWA;2015
253;32;JAWA BARAT;3211;KABUPATEN SUMEDANG;BELUM KAWIN;445156;JIWA;2015
254;32;JAWA BARAT;3211;KABUPATEN SUMEDANG;KAWIN;609302;JIWA;2015
255;32;JAWA BARAT;3211;KABUPATEN SUMEDANG;CERAI HIDUP;17216;JIWA;2015
256;32;JAWA BARAT;3211;KABUPATEN SUMEDANG;CERAI MATI;39200;JIWA;2015
257;32;JAWA BARAT;3212;KABUPATEN INDRAMAYU;BELUM KAWIN;815791;JIWA;2015
258;32;JAWA BARAT;3212;KABUPATEN INDRAMAYU;KAWIN;901207;JIWA;2015
259;32;JAWA BARAT;3212;KABUPATEN INDRAMAYU;CERAI HIDUP;24802;JIWA;2015
260;32;JAWA BARAT;3212;KABUPATEN INDRAMAYU;CERAI MATI;83322;JIWA;2015
261;32;JAWA BARAT;3213;KABUPATEN SUBANG;BELUM KAWIN;649173;JIWA;2015
262;32;JAWA BARAT;3213;KABUPATEN SUBANG;KAWIN;804147;JIWA;2015
263;32;JAWA BARAT;3213;KABUPATEN SUBANG;CERAI HIDUP;28349;JIWA;2015
264;32;JAWA BARAT;3213;KABUPATEN SUBANG;CERAI MATI;58631;JIWA;2015
265;32;JAWA BARAT;3214;KABUPATEN PURWAKARTA;BELUM KAWIN;396984;JIWA;2015
266;32;JAWA BARAT;3214;KABUPATEN PURWAKARTA;KAWIN;438918;JIWA;2015
267;32;JAWA BARAT;3214;KABUPATEN PURWAKARTA;CERAI HIDUP;14365;JIWA;2015
268;32;JAWA BARAT;3214;KABUPATEN PURWAKARTA;CERAI MATI;35586;JIWA;2015
269;32;JAWA BARAT;3215;KABUPATEN KARAWANG;BELUM KAWIN;910221;JIWA;2015
270;32;JAWA BARAT;3215;KABUPATEN KARAWANG;KAWIN;1054037;JIWA;2015
271;32;JAWA BARAT;3215;KABUPATEN KARAWANG;CERAI HIDUP;27453;JIWA;2015
272;32;JAWA BARAT;3215;KABUPATEN KARAWANG;CERAI MATI;68031;JIWA;2015
273;32;JAWA BARAT;3216;KABUPATEN BEKASI;BELUM KAWIN;1238779;JIWA;2015
274;32;JAWA BARAT;3216;KABUPATEN BEKASI;KAWIN;1181201;JIWA;2015
275;32;JAWA BARAT;3216;KABUPATEN BEKASI;CERAI HIDUP;18485;JIWA;2015
276;32;JAWA BARAT;3216;KABUPATEN BEKASI;CERAI MATI;47791;JIWA;2015
277;32;JAWA BARAT;3217;KABUPATEN BANDUNG BARAT;BELUM KAWIN;781163;JIWA;2015
278;32;JAWA BARAT;3217;KABUPATEN BANDUNG BARAT;KAWIN;751197;JIWA;2015
279;32;JAWA BARAT;3217;KABUPATEN BANDUNG BARAT;CERAI HIDUP;28964;JIWA;2015
280;32;JAWA BARAT;3217;KABUPATEN BANDUNG BARAT;CERAI MATI;31381;JIWA;2015
281;32;JAWA BARAT;3218;KABUPATEN PANGANDARAN;BELUM KAWIN;151550;JIWA;2015
282;32;JAWA BARAT;3218;KABUPATEN PANGANDARAN;KAWIN;227241;JIWA;2015
283;32;JAWA BARAT;3218;KABUPATEN PANGANDARAN;CERAI HIDUP;6242;JIWA;2015
284;32;JAWA BARAT;3218;KABUPATEN PANGANDARAN;CERAI MATI;17711;JIWA;2015
285;32;JAWA BARAT;3271;KOTA BOGOR;BELUM KAWIN;469816;JIWA;2015
286;32;JAWA BARAT;3271;KOTA BOGOR;KAWIN;468923;JIWA;2015
287;32;JAWA BARAT;3271;KOTA BOGOR;CERAI HIDUP;16988;JIWA;2015
288;32;JAWA BARAT;3271;KOTA BOGOR;CERAI MATI;28333;JIWA;2015
289;32;JAWA BARAT;3272;KOTA SUKABUMI;BELUM KAWIN;152458;JIWA;2015
290;32;JAWA BARAT;3272;KOTA SUKABUMI;KAWIN;149225;JIWA;2015
291;32;JAWA BARAT;3272;KOTA SUKABUMI;CERAI HIDUP;6250;JIWA;2015
292;32;JAWA BARAT;3272;KOTA SUKABUMI;CERAI MATI;13783;JIWA;2015
293;32;JAWA BARAT;3273;KOTA BANDUNG;BELUM KAWIN;1131146;JIWA;2015
294;32;JAWA BARAT;3273;KOTA BANDUNG;KAWIN;1128720;JIWA;2015
295;32;JAWA BARAT;3273;KOTA BANDUNG;CERAI HIDUP;29047;JIWA;2015
296;32;JAWA BARAT;3273;KOTA BANDUNG;CERAI MATI;89714;JIWA;2015
297;32;JAWA BARAT;3274;KOTA CIREBON;BELUM KAWIN;153472;JIWA;2015
298;32;JAWA BARAT;3274;KOTA CIREBON;KAWIN;144784;JIWA;2015
299;32;JAWA BARAT;3274;KOTA CIREBON;CERAI HIDUP;5780;JIWA;2015
300;32;JAWA BARAT;3274;KOTA CIREBON;CERAI MATI;14797;JIWA;2015
301;32;JAWA BARAT;3275;KOTA BEKASI;BELUM KAWIN;1233197;JIWA;2015
302;32;JAWA BARAT;3275;KOTA BEKASI;KAWIN;1096099;JIWA;2015
303;32;JAWA BARAT;3275;KOTA BEKASI;CERAI HIDUP;12350;JIWA;2015
304;32;JAWA BARAT;3275;KOTA BEKASI;CERAI MATI;42767;JIWA;2015
305;32;JAWA BARAT;3276;KOTA DEPOK;BELUM KAWIN;801316;JIWA;2015
306;32;JAWA BARAT;3276;KOTA DEPOK;KAWIN;777728;JIWA;2015
307;32;JAWA BARAT;3276;KOTA DEPOK;CERAI HIDUP;10446;JIWA;2015
308;32;JAWA BARAT;3276;KOTA DEPOK;CERAI MATI;50044;JIWA;2015
309;32;JAWA BARAT;3277;KOTA CIMAHI;BELUM KAWIN;248713;JIWA;2015
310;32;JAWA BARAT;3277;KOTA CIMAHI;KAWIN;246867;JIWA;2015
311;32;JAWA BARAT;3277;KOTA CIMAHI;CERAI HIDUP;7761;JIWA;2015
312;32;JAWA BARAT;3277;KOTA CIMAHI;CERAI MATI;17136;JIWA;2015
313;32;JAWA BARAT;3278;KOTA TASIKMALAYA;BELUM KAWIN;325868;JIWA;2015
314;32;JAWA BARAT;3278;KOTA TASIKMALAYA;KAWIN;319338;JIWA;2015
315;32;JAWA BARAT;3278;KOTA TASIKMALAYA;CERAI HIDUP;11934;JIWA;2015
316;32;JAWA BARAT;3278;KOTA TASIKMALAYA;CERAI MATI;27679;JIWA;2015
317;32;JAWA BARAT;3279;KOTA BANJAR;BELUM KAWIN;83913;JIWA;2015
318;32;JAWA BARAT;3279;KOTA BANJAR;KAWIN;97382;JIWA;2015
319;32;JAWA BARAT;3279;KOTA BANJAR;CERAI HIDUP;4800;JIWA;2015
320;32;JAWA BARAT;3279;KOTA BANJAR;CERAI MATI;10468;JIWA;2015
321;32;JAWA BARAT;3201;KABUPATEN BOGOR;BELUM KAWIN;2427673;JIWA;2020
322;32;JAWA BARAT;3201;KABUPATEN BOGOR;KAWIN;2492025;JIWA;2020
323;32;JAWA BARAT;3201;KABUPATEN BOGOR;CERAI HIDUP;59081;JIWA;2020
324;32;JAWA BARAT;3201;KABUPATEN BOGOR;CERAI MATI;153576;JIWA;2020
325;32;JAWA BARAT;3202;KABUPATEN SUKABUMI;BELUM KAWIN;1149878;JIWA;2020
326;32;JAWA BARAT;3202;KABUPATEN SUKABUMI;KAWIN;1333388;JIWA;2020
327;32;JAWA BARAT;3202;KABUPATEN SUKABUMI;CERAI HIDUP;58727;JIWA;2020
328;32;JAWA BARAT;3202;KABUPATEN SUKABUMI;CERAI MATI;84769;JIWA;2020
329;32;JAWA BARAT;3203;KABUPATEN CIANJUR;BELUM KAWIN;1066956;JIWA;2020
330;32;JAWA BARAT;3203;KABUPATEN CIANJUR;KAWIN;1184062;JIWA;2020
331;32;JAWA BARAT;3203;KABUPATEN CIANJUR;CERAI HIDUP;43146;JIWA;2020
332;32;JAWA BARAT;3203;KABUPATEN CIANJUR;CERAI MATI;74449;JIWA;2020
333;32;JAWA BARAT;3204;KABUPATEN BANDUNG;BELUM KAWIN;1632119;JIWA;2020
334;32;JAWA BARAT;3204;KABUPATEN BANDUNG;KAWIN;1794730;JIWA;2020
335;32;JAWA BARAT;3204;KABUPATEN BANDUNG;CERAI HIDUP;49598;JIWA;2020
336;32;JAWA BARAT;3204;KABUPATEN BANDUNG;CERAI MATI;106609;JIWA;2020
337;32;JAWA BARAT;3205;KABUPATEN GARUT;BELUM KAWIN;1160426;JIWA;2020
338;32;JAWA BARAT;3205;KABUPATEN GARUT;KAWIN;1228737;JIWA;2020
339;32;JAWA BARAT;3205;KABUPATEN GARUT;CERAI HIDUP;38485;JIWA;2020
340;32;JAWA BARAT;3205;KABUPATEN GARUT;CERAI MATI;86867;JIWA;2020
341;32;JAWA BARAT;3206;KABUPATEN TASIKMALAYA;BELUM KAWIN;766841;JIWA;2020
342;32;JAWA BARAT;3206;KABUPATEN TASIKMALAYA;KAWIN;923094;JIWA;2020
343;32;JAWA BARAT;3206;KABUPATEN TASIKMALAYA;CERAI HIDUP;36929;JIWA;2020
344;32;JAWA BARAT;3206;KABUPATEN TASIKMALAYA;CERAI MATI;76936;JIWA;2020
345;32;JAWA BARAT;3207;KABUPATEN CIAMIS;BELUM KAWIN;513215;JIWA;2020
346;32;JAWA BARAT;3207;KABUPATEN CIAMIS;KAWIN;661729;JIWA;2020
347;32;JAWA BARAT;3207;KABUPATEN CIAMIS;CERAI HIDUP;23057;JIWA;2020
348;32;JAWA BARAT;3207;KABUPATEN CIAMIS;CERAI MATI;61983;JIWA;2020
349;32;JAWA BARAT;3208;KABUPATEN KUNINGAN;BELUM KAWIN;510967;JIWA;2020
350;32;JAWA BARAT;3208;KABUPATEN KUNINGAN;KAWIN;600937;JIWA;2020
351;32;JAWA BARAT;3208;KABUPATEN KUNINGAN;CERAI HIDUP;18871;JIWA;2020
352;32;JAWA BARAT;3208;KABUPATEN KUNINGAN;CERAI MATI;52965;JIWA;2020
353;32;JAWA BARAT;3209;KABUPATEN CIREBON;BELUM KAWIN;1014080;JIWA;2020
354;32;JAWA BARAT;3209;KABUPATEN CIREBON;KAWIN;1144714;JIWA;2020
355;32;JAWA BARAT;3209;KABUPATEN CIREBON;CERAI HIDUP;45653;JIWA;2020
356;32;JAWA BARAT;3209;KABUPATEN CIREBON;CERAI MATI;92552;JIWA;2020
357;32;JAWA BARAT;3210;KABUPATEN MAJALENGKA;BELUM KAWIN;550817;JIWA;2020
358;32;JAWA BARAT;3210;KABUPATEN MAJALENGKA;KAWIN;683696;JIWA;2020
359;32;JAWA BARAT;3210;KABUPATEN MAJALENGKA;CERAI HIDUP;30860;JIWA;2020
360;32;JAWA BARAT;3210;KABUPATEN MAJALENGKA;CERAI MATI;49899;JIWA;2020
361;32;JAWA BARAT;3211;KABUPATEN SUMEDANG;BELUM KAWIN;464974;JIWA;2020
362;32;JAWA BARAT;3211;KABUPATEN SUMEDANG;KAWIN;624949;JIWA;2020
363;32;JAWA BARAT;3211;KABUPATEN SUMEDANG;CERAI HIDUP;23792;JIWA;2020
364;32;JAWA BARAT;3211;KABUPATEN SUMEDANG;CERAI MATI;45739;JIWA;2020
365;32;JAWA BARAT;3212;KABUPATEN INDRAMAYU;BELUM KAWIN;819224;JIWA;2020
366;32;JAWA BARAT;3212;KABUPATEN INDRAMAYU;KAWIN;932629;JIWA;2020
367;32;JAWA BARAT;3212;KABUPATEN INDRAMAYU;CERAI HIDUP;37998;JIWA;2020
368;32;JAWA BARAT;3212;KABUPATEN INDRAMAYU;CERAI MATI;81298;JIWA;2020
369;32;JAWA BARAT;3213;KABUPATEN SUBANG;BELUM KAWIN;664737;JIWA;2020
370;32;JAWA BARAT;3213;KABUPATEN SUBANG;KAWIN;835419;JIWA;2020
371;32;JAWA BARAT;3213;KABUPATEN SUBANG;CERAI HIDUP;24619;JIWA;2020
372;32;JAWA BARAT;3213;KABUPATEN SUBANG;CERAI MATI;59160;JIWA;2020
373;32;JAWA BARAT;3214;KABUPATEN PURWAKARTA;BELUM KAWIN;428953;JIWA;2020
374;32;JAWA BARAT;3214;KABUPATEN PURWAKARTA;KAWIN;487293;JIWA;2020
375;32;JAWA BARAT;3214;KABUPATEN PURWAKARTA;CERAI HIDUP;19408;JIWA;2020
376;32;JAWA BARAT;3214;KABUPATEN PURWAKARTA;CERAI MATI;38650;JIWA;2020
377;32;JAWA BARAT;3215;KABUPATEN KARAWANG;BELUM KAWIN;1017152;JIWA;2020
378;32;JAWA BARAT;3215;KABUPATEN KARAWANG;KAWIN;1215522;JIWA;2020
379;32;JAWA BARAT;3215;KABUPATEN KARAWANG;CERAI HIDUP;42186;JIWA;2020
380;32;JAWA BARAT;3215;KABUPATEN KARAWANG;CERAI MATI;86159;JIWA;2020
381;32;JAWA BARAT;3216;KABUPATEN BEKASI;BELUM KAWIN;1304299;JIWA;2020
382;32;JAWA BARAT;3216;KABUPATEN BEKASI;KAWIN;1486303;JIWA;2020
383;32;JAWA BARAT;3216;KABUPATEN BEKASI;CERAI HIDUP;27048;JIWA;2020
384;32;JAWA BARAT;3216;KABUPATEN BEKASI;CERAI MATI;62630;JIWA;2020
385;32;JAWA BARAT;3217;KABUPATEN BANDUNG BARAT;BELUM KAWIN;757613;JIWA;2020
386;32;JAWA BARAT;3217;KABUPATEN BANDUNG BARAT;KAWIN;871539;JIWA;2020
387;32;JAWA BARAT;3217;KABUPATEN BANDUNG BARAT;CERAI HIDUP;35510;JIWA;2020
388;32;JAWA BARAT;3217;KABUPATEN BANDUNG BARAT;CERAI MATI;47686;JIWA;2020
389;32;JAWA BARAT;3218;KABUPATEN PANGANDARAN;BELUM KAWIN;163480;JIWA;2020
390;32;JAWA BARAT;3218;KABUPATEN PANGANDARAN;KAWIN;234575;JIWA;2020
391;32;JAWA BARAT;3218;KABUPATEN PANGANDARAN;CERAI HIDUP;9129;JIWA;2020
392;32;JAWA BARAT;3218;KABUPATEN PANGANDARAN;CERAI MATI;21058;JIWA;2020
393;32;JAWA BARAT;3271;KOTA BOGOR;BELUM KAWIN;508062;JIWA;2020
394;32;JAWA BARAT;3271;KOTA BOGOR;KAWIN;501168;JIWA;2020
395;32;JAWA BARAT;3271;KOTA BOGOR;CERAI HIDUP;16891;JIWA;2020
396;32;JAWA BARAT;3271;KOTA BOGOR;CERAI MATI;38577;JIWA;2020
397;32;JAWA BARAT;3272;KOTA SUKABUMI;BELUM KAWIN;164020;JIWA;2020
398;32;JAWA BARAT;3272;KOTA SUKABUMI;KAWIN;164455;JIWA;2020
399;32;JAWA BARAT;3272;KOTA SUKABUMI;CERAI HIDUP;7443;JIWA;2020
400;32;JAWA BARAT;3272;KOTA SUKABUMI;CERAI MATI;15541;JIWA;2020
401;32;JAWA BARAT;3273;KOTA BANDUNG;BELUM KAWIN;1154654;JIWA;2020
402;32;JAWA BARAT;3273;KOTA BANDUNG;KAWIN;1207671;JIWA;2020
403;32;JAWA BARAT;3273;KOTA BANDUNG;CERAI HIDUP;47315;JIWA;2020
404;32;JAWA BARAT;3273;KOTA BANDUNG;CERAI MATI;91327;JIWA;2020
405;32;JAWA BARAT;3274;KOTA CIREBON;BELUM KAWIN;163221;JIWA;2020
406;32;JAWA BARAT;3274;KOTA CIREBON;KAWIN;154407;JIWA;2020
407;32;JAWA BARAT;3274;KOTA CIREBON;CERAI HIDUP;8804;JIWA;2020
408;32;JAWA BARAT;3274;KOTA CIREBON;CERAI MATI;16571;JIWA;2020
409;32;JAWA BARAT;3275;KOTA BEKASI;BELUM KAWIN;1193828;JIWA;2020
410;32;JAWA BARAT;3275;KOTA BEKASI;KAWIN;1187749;JIWA;2020
411;32;JAWA BARAT;3275;KOTA BEKASI;CERAI HIDUP;21809;JIWA;2020
412;32;JAWA BARAT;3275;KOTA BEKASI;CERAI MATI;61333;JIWA;2020
413;32;JAWA BARAT;3276;KOTA DEPOK;BELUM KAWIN;894077;JIWA;2020
414;32;JAWA BARAT;3276;KOTA DEPOK;KAWIN;888547;JIWA;2020
415;32;JAWA BARAT;3276;KOTA DEPOK;CERAI HIDUP;21879;JIWA;2020
416;32;JAWA BARAT;3276;KOTA DEPOK;CERAI MATI;68493;JIWA;2020
417;32;JAWA BARAT;3277;KOTA CIMAHI;BELUM KAWIN;254162;JIWA;2020
418;32;JAWA BARAT;3277;KOTA CIMAHI;KAWIN;272353;JIWA;2020
419;32;JAWA BARAT;3277;KOTA CIMAHI;CERAI HIDUP;11468;JIWA;2020
420;32;JAWA BARAT;3277;KOTA CIMAHI;CERAI MATI;19928;JIWA;2020
421;32;JAWA BARAT;3278;KOTA TASIKMALAYA;BELUM KAWIN;329412;JIWA;2020
422;32;JAWA BARAT;3278;KOTA TASIKMALAYA;KAWIN;348114;JIWA;2020
423;32;JAWA BARAT;3278;KOTA TASIKMALAYA;CERAI HIDUP;16840;JIWA;2020
424;32;JAWA BARAT;3278;KOTA TASIKMALAYA;CERAI MATI;31195;JIWA;2020
425;32;JAWA BARAT;3279;KOTA BANJAR;BELUM KAWIN;87393;JIWA;2020
426;32;JAWA BARAT;3279;KOTA BANJAR;KAWIN;99729;JIWA;2020
427;32;JAWA BARAT;3279;KOTA BANJAR;CERAI HIDUP;7195;JIWA;2020
428;32;JAWA BARAT;3279;KOTA BANJAR;CERAI MATI;11165;JIWA;2020
